symbol,timeframe,strategy,params,return_pct,buy_hold_pct,sharpe,max_dd_pct,trades,win_rate_pct
BTC,1h,sma,"fast=20,slow=50",-13.079092320000019,-20.941843515787298,-4.137910857227012,-18.20494007295519,21,19.047619047619047
SOL,1h,sma,"fast=20,slow=50",-40.34477001168003,-36.54968572283747,-21.63970419588858,-40.59589638608002,25,24.0
BTC,15m,sma,"fast=8,slow=40",-8.021324479999999,-23.046416801653354,-6.570631194269313,-11.630515519999996,37,16.216216216216218
BTC,15m,sma,"fast=8,slow=50",-3.5470869600000094,-22.995662672151674,-1.8640251017477232,-10.186480072747717,27,25.925925925925924
BTC,15m,sma,"fast=8,slow=80",-2.8248215999999546,-22.973275187297325,-1.4579812586333516,-9.271818585221169,20,30.0
BTC,15m,sma,"fast=8,slow=120",-6.848544479999982,-22.32533489693744,-6.081811641258476,-11.311579770372127,18,27.77777777777778
BTC,15m,sma,"fast=8,slow=200",-2.810544160000014,-21.20764989819962,-2.9566986647808324,-6.841334546288669,9,33.33333333333333
BTC,15m,sma,"fast=12,slow=40",-8.391364639999997,-23.046416801653354,-6.462157761925065,-12.387404788089507,31,32.25806451612903
BTC,15m,sma,"fast=12,slow=50",-3.065597519999987,-22.995662672151674,-1.546788977678413,-10.646018169185522,25,20.0
BTC,15m,sma,"fast=12,slow=80",-2.294645679999993,-22.973275187297325,-1.1673502176240251,-9.734571092129018,17,35.294117647058826
BTC,15m,sma,"fast=12,slow=120",-3.0680308000000194,-22.32533489693744,-2.07067470766785,-8.496108212876042,14,28.57142857142857
BTC,15m,sma,"fast=12,slow=200",-5.115394560000009,-21.20764989819962,-6.337941962891708,-9.362955880372503,6,16.666666666666664
BTC,15m,sma,"fast=20,slow=40",-6.539519920000014,-23.046416801653354,-4.681994311628471,-12.860352320934854,28,32.142857142857146
BTC,15m,sma,"fast=20,slow=50",-2.408043999999994,-22.995662672151674,-1.1552251550967265,-12.915679372046506,19,31.57894736842105
BTC,15m,sma,"fast=20,slow=80",-2.7696937599999947,-22.973275187297325,-1.4061875721085209,-9.509627224629224,14,42.857142857142854
BTC,15m,sma,"fast=20,slow=120",-3.380020160000003,-22.32533489693744,-2.7816337715109927,-9.040670711109232,10,40.0
BTC,15m,sma,"fast=20,slow=200",-10.358629440000025,-21.20764989819962,-18.41777064688361,-14.249165184942647,6,16.666666666666664
BTC,15m,sma,"fast=30,slow=40",1.6034668800000103,-23.046416801653354,0.5196305090018903,-9.343762151163581,30,40.0
BTC,15m,sma,"fast=30,slow=50",2.1597401599999984,-22.995662672151674,0.6422233039972269,-9.185402203523108,19,52.63157894736842
BTC,15m,sma,"fast=30,slow=80",-2.4409293599999975,-22.973275187297325,-1.2350545366272059,-7.603089514302019,12,33.33333333333333
BTC,15m,sma,"fast=30,slow=120",-6.241086479999987,-22.32533489693744,-6.606678935334136,-9.489093581733155,10,30.0
BTC,15m,sma,"fast=30,slow=200",-6.314108159999991,-21.20764989819962,-9.010767719175968,-9.745593291616384,5,20.0
BTC,15m,rsi_mr,"lower=20,upper=60,trend=20",0.0,-23.126283367556468,,-0.0,0,
BTC,15m,rsi_mr,"lower=20,upper=60,trend=50",0.0,-22.995662672151674,,-0.0,0,
BTC,15m,rsi_mr,"lower=20,upper=60,trend=100",0.0,-22.697534535579223,,-0.0,0,
BTC,15m,rsi_mr,"lower=20,upper=65,trend=20",0.0,-23.126283367556468,,-0.0,0,
BTC,15m,rsi_mr,"lower=20,upper=65,trend=50",0.0,-22.995662672151674,,-0.0,0,
BTC,15m,rsi_mr,"lower=20,upper=65,trend=100",0.0,-22.697534535579223,,-0.0,0,
BTC,15m,rsi_mr,"lower=20,upper=70,trend=20",0.0,-23.126283367556468,,-0.0,0,
BTC,15m,rsi_mr,"lower=20,upper=70,trend=50",0.0,-22.995662672151674,,-0.0,0,
BTC,15m,rsi_mr,"lower=20,upper=70,trend=100",0.0,-22.697534535579223,,-0.0,0,
BTC,15m,rsi_mr,"lower=20,upper=75,trend=20",0.0,-23.126283367556468,,-0.0,0,
BTC,15m,rsi_mr,"lower=20,upper=75,trend=50",0.0,-22.995662672151674,,-0.0,0,
BTC,15m,rsi_mr,"lower=20,upper=75,trend=100",0.0,-22.697534535579223,,-0.0,0,
BTC,15m,rsi_mr,"lower=25,upper=60,trend=20",0.0,-23.126283367556468,,-0.0,0,
BTC,15m,rsi_mr,"lower=25,upper=60,trend=50",0.0,-22.995662672151674,,-0.0,0,
BTC,15m,rsi_mr,"lower=25,upper=60,trend=100",0.0,-22.697534535579223,,-0.0,0,
BTC,15m,rsi_mr,"lower=25,upper=65,trend=20",0.0,-23.126283367556468,,-0.0,0,
BTC,15m,rsi_mr,"lower=25,upper=65,trend=50",0.0,-22.995662672151674,,-0.0,0,
BTC,15m,rsi_mr,"lower=25,upper=65,trend=100",0.0,-22.697534535579223,,-0.0,0,
BTC,15m,rsi_mr,"lower=25,upper=70,trend=20",0.0,-23.126283367556468,,-0.0,0,
BTC,15m,rsi_mr,"lower=25,upper=70,trend=50",0.0,-22.995662672151674,,-0.0,0,
BTC,15m,rsi_mr,"lower=25,upper=70,trend=100",0.0,-22.697534535579223,,-0.0,0,
BTC,15m,rsi_mr,"lower=25,upper=75,trend=20",0.0,-23.126283367556468,,-0.0,0,
BTC,15m,rsi_mr,"lower=25,upper=75,trend=50",0.0,-22.995662672151674,,-0.0,0,
BTC,15m,rsi_mr,"lower=25,upper=75,trend=100",0.0,-22.697534535579223,,-0.0,0,
BTC,15m,rsi_mr,"lower=30,upper=60,trend=20",0.0,-23.126283367556468,,-0.0,0,
BTC,15m,rsi_mr,"lower=30,upper=60,trend=50",0.0,-22.995662672151674,,-0.0,0,
BTC,15m,rsi_mr,"lower=30,upper=60,trend=100",0.6560523199999938,-22.697534535579223,3.833763736305671,-1.4153496000000043,1,100.0
BTC,15m,rsi_mr,"lower=30,upper=65,trend=20",0.0,-23.126283367556468,,-0.0,0,
BTC,15m,rsi_mr,"lower=30,upper=65,trend=50",0.0,-22.995662672151674,,-0.0,0,
BTC,15m,rsi_mr,"lower=30,upper=65,trend=100",1.2030143999999972,-22.697534535579223,5.28659160528866,-1.4153496000000043,1,100.0
BTC,15m,rsi_mr,"lower=30,upper=70,trend=20",0.0,-23.126283367556468,,-0.0,0,
BTC,15m,rsi_mr,"lower=30,upper=70,trend=50",0.0,-22.995662672151674,,-0.0,0,
BTC,15m,rsi_mr,"lower=30,upper=70,trend=100",1.8884655999999957,-22.697534535579223,4.800362724749176,-1.4153496000000043,1,100.0
BTC,15m,rsi_mr,"lower=30,upper=75,trend=20",0.0,-23.126283367556468,,-0.0,0,
BTC,15m,rsi_mr,"lower=30,upper=75,trend=50",0.0,-22.995662672151674,,-0.0,0,
BTC,15m,rsi_mr,"lower=30,upper=75,trend=100",2.117881919999991,-22.697534535579223,4.591616033011891,-1.4153496000000043,1,100.0
BTC,15m,rsi_mr,"lower=35,upper=60,trend=20",0.0,-23.126283367556468,,-0.0,0,
BTC,15m,rsi_mr,"lower=35,upper=60,trend=50",0.0,-22.995662672151674,,-0.0,0,
BTC,15m,rsi_mr,"lower=35,upper=60,trend=100",-18.653075359999992,-22.697534535579223,-45.61797280678364,-25.816372173737633,3,33.33333333333333
BTC,15m,rsi_mr,"lower=35,upper=65,trend=20",0.0,-23.126283367556468,,-0.0,0,
BTC,15m,rsi_mr,"lower=35,upper=65,trend=50",0.0,-22.995662672151674,,-0.0,0,
BTC,15m,rsi_mr,"lower=35,upper=65,trend=100",-18.94094487999999,-22.697534535579223,-45.76307398418446,-27.313237845626205,3,33.33333333333333
BTC,15m,rsi_mr,"lower=35,upper=70,trend=20",0.0,-23.126283367556468,,-0.0,0,
BTC,15m,rsi_mr,"lower=35,upper=70,trend=50",0.0,-22.995662672151674,,-0.0,0,
BTC,15m,rsi_mr,"lower=35,upper=70,trend=100",-16.512774080000003,-22.697534535579223,-28.1723197173427,-25.48028889702858,2,50.0
BTC,15m,rsi_mr,"lower=35,upper=75,trend=20",0.0,-23.126283367556468,,-0.0,0,
BTC,15m,rsi_mr,"lower=35,upper=75,trend=50",0.0,-22.995662672151674,,-0.0,0,
BTC,15m,rsi_mr,"lower=35,upper=75,trend=100",-15.010678319999984,-22.697534535579223,-19.147308548327544,-25.48028889702858,2,50.0
BTC,1h,sma,"fast=8,slow=40",-27.35508199999998,-20.696999700660847,-10.528709691558655,-29.386540181714828,37,21.62162162162162
BTC,1h,sma,"fast=8,slow=50",-25.93206495999999,-20.941843515787298,-10.224779461977613,-27.80278489519055,31,22.58064516129032
BTC,1h,sma,"fast=8,slow=80",-15.092211759999955,-21.362437637710777,-4.641569207467648,-17.4213937599621,21,14.285714285714285
BTC,1h,sma,"fast=8,slow=120",-17.95574095999998,-24.097235231242216,-6.291325156469283,-19.593380673561466,17,11.76470588235294
BTC,1h,sma,"fast=8,slow=200",-14.892688959999989,-24.457678050492422,-5.269119078712674,-16.56586536254333,17,11.76470588235294
BTC,1h,sma,"fast=12,slow=40",-27.26241399999999,-20.696999700660847,-10.687829411962309,-28.982348863417517,31,19.35483870967742
BTC,1h,sma,"fast=12,slow=50",-23.60866440000001,-20.941843515787298,-8.08679309750417,-25.066409187240268,27,22.22222222222222
BTC,1h,sma,"fast=12,slow=80",-10.505852400000022,-21.362437637710777,-2.9650770731711162,-17.42031411607783,18,22.22222222222222
BTC,1h,sma,"fast=12,slow=120",-11.732205999999982,-24.097235231242216,-3.8286208388877747,-14.343700171922947,13,15.384615384615385
BTC,1h,sma,"fast=12,slow=200",-14.721618559999996,-24.457678050492422,-5.3082462887717226,-17.234608914980733,14,14.285714285714285
BTC,1h,sma,"fast=20,slow=40",-25.341705599999997,-20.696999700660847,-9.192340509688277,-27.387207136504156,30,20.0
BTC,1h,sma,"fast=20,slow=50",-13.079092320000019,-20.941843515787298,-4.137910857227012,-18.20494007295519,21,19.047619047619047
BTC,1h,sma,"fast=20,slow=80",-9.852753359999996,-21.362437637710777,-2.8962109477462903,-13.84429103999999,16,18.75
BTC,1h,sma,"fast=20,slow=120",-13.653069839999999,-24.097235231242216,-4.650242992413764,-15.197168782441839,12,25.0
BTC,1h,sma,"fast=20,slow=200",-13.09186784000001,-24.457678050492422,-4.407228020272562,-15.240758382519914,11,18.181818181818183
BTC,1h,sma,"fast=30,slow=40",-22.486424479999965,-20.696999700660847,-7.992069676516993,-27.981624696727604,33,30.303030303030305
BTC,1h,sma,"fast=30,slow=50",-9.172019200000015,-20.941843515787298,-2.26066179480212,-15.83784199558227,24,37.5
BTC,1h,sma,"fast=30,slow=80",-8.045732800000033,-21.362437637710777,-2.033175949592607,-9.82705175848938,13,15.384615384615385
BTC,1h,sma,"fast=30,slow=120",-12.28831216000003,-24.097235231242216,-3.472677502199114,-12.853771851691365,12,33.33333333333333
BTC,1h,sma,"fast=30,slow=200",-16.55438071999999,-24.457678050492422,-6.491534420950897,-16.717702635199394,11,9.090909090909092
BTC,1h,rsi_mr,"lower=20,upper=60,trend=20",0.0,-19.933744042775775,,-0.0,0,
BTC,1h,rsi_mr,"lower=20,upper=60,trend=50",0.0,-20.941843515787298,,-0.0,0,
BTC,1h,rsi_mr,"lower=20,upper=60,trend=100",0.0,-23.54965093952208,,-0.0,0,
BTC,1h,rsi_mr,"lower=20,upper=65,trend=20",0.0,-19.933744042775775,,-0.0,0,
BTC,1h,rsi_mr,"lower=20,upper=65,trend=50",0.0,-20.941843515787298,,-0.0,0,
BTC,1h,rsi_mr,"lower=20,upper=65,trend=100",0.0,-23.54965093952208,,-0.0,0,
BTC,1h,rsi_mr,"lower=20,upper=70,trend=20",0.0,-19.933744042775775,,-0.0,0,
BTC,1h,rsi_mr,"lower=20,upper=70,trend=50",0.0,-20.941843515787298,,-0.0,0,
BTC,1h,rsi_mr,"lower=20,upper=70,trend=100",0.0,-23.54965093952208,,-0.0,0,
BTC,1h,rsi_mr,"lower=20,upper=75,trend=20",0.0,-19.933744042775775,,-0.0,0,
BTC,1h,rsi_mr,"lower=20,upper=75,trend=50",0.0,-20.941843515787298,,-0.0,0,
BTC,1h,rsi_mr,"lower=20,upper=75,trend=100",0.0,-23.54965093952208,,-0.0,0,
BTC,1h,rsi_mr,"lower=25,upper=60,trend=20",0.0,-19.933744042775775,,-0.0,0,
BTC,1h,rsi_mr,"lower=25,upper=60,trend=50",0.0,-20.941843515787298,,-0.0,0,
BTC,1h,rsi_mr,"lower=25,upper=60,trend=100",0.0,-23.54965093952208,,-0.0,0,
BTC,1h,rsi_mr,"lower=25,upper=65,trend=20",0.0,-19.933744042775775,,-0.0,0,
BTC,1h,rsi_mr,"lower=25,upper=65,trend=50",0.0,-20.941843515787298,,-0.0,0,
BTC,1h,rsi_mr,"lower=25,upper=65,trend=100",0.0,-23.54965093952208,,-0.0,0,
BTC,1h,rsi_mr,"lower=25,upper=70,trend=20",0.0,-19.933744042775775,,-0.0,0,
BTC,1h,rsi_mr,"lower=25,upper=70,trend=50",0.0,-20.941843515787298,,-0.0,0,
BTC,1h,rsi_mr,"lower=25,upper=70,trend=100",0.0,-23.54965093952208,,-0.0,0,
BTC,1h,rsi_mr,"lower=25,upper=75,trend=20",0.0,-19.933744042775775,,-0.0,0,
BTC,1h,rsi_mr,"lower=25,upper=75,trend=50",0.0,-20.941843515787298,,-0.0,0,
BTC,1h,rsi_mr,"lower=25,upper=75,trend=100",0.0,-23.54965093952208,,-0.0,0,
BTC,1h,rsi_mr,"lower=30,upper=60,trend=20",0.0,-19.933744042775775,,-0.0,0,
BTC,1h,rsi_mr,"lower=30,upper=60,trend=50",0.0,-20.941843515787298,,-0.0,0,
BTC,1h,rsi_mr,"lower=30,upper=60,trend=100",0.0,-23.54965093952208,,-0.0,0,
BTC,1h,rsi_mr,"lower=30,upper=65,trend=20",0.0,-19.933744042775775,,-0.0,0,
BTC,1h,rsi_mr,"lower=30,upper=65,trend=50",0.0,-20.941843515787298,,-0.0,0,
BTC,1h,rsi_mr,"lower=30,upper=65,trend=100",0.0,-23.54965093952208,,-0.0,0,
BTC,1h,rsi_mr,"lower=30,upper=70,trend=20",0.0,-19.933744042775775,,-0.0,0,
BTC,1h,rsi_mr,"lower=30,upper=70,trend=50",0.0,-20.941843515787298,,-0.0,0,
BTC,1h,rsi_mr,"lower=30,upper=70,trend=100",0.0,-23.54965093952208,,-0.0,0,
BTC,1h,rsi_mr,"lower=30,upper=75,trend=20",0.0,-19.933744042775775,,-0.0,0,
BTC,1h,rsi_mr,"lower=30,upper=75,trend=50",0.0,-20.941843515787298,,-0.0,0,
BTC,1h,rsi_mr,"lower=30,upper=75,trend=100",0.0,-23.54965093952208,,-0.0,0,
BTC,1h,rsi_mr,"lower=35,upper=60,trend=20",0.0,-19.933744042775775,,-0.0,0,
BTC,1h,rsi_mr,"lower=35,upper=60,trend=50",0.0,-20.941843515787298,,-0.0,0,
BTC,1h,rsi_mr,"lower=35,upper=60,trend=100",0.0,-23.54965093952208,,-0.0,0,
BTC,1h,rsi_mr,"lower=35,upper=65,trend=20",0.0,-19.933744042775775,,-0.0,0,
BTC,1h,rsi_mr,"lower=35,upper=65,trend=50",0.0,-20.941843515787298,,-0.0,0,
BTC,1h,rsi_mr,"lower=35,upper=65,trend=100",0.0,-23.54965093952208,,-0.0,0,
BTC,1h,rsi_mr,"lower=35,upper=70,trend=20",0.0,-19.933744042775775,,-0.0,0,
BTC,1h,rsi_mr,"lower=35,upper=70,trend=50",0.0,-20.941843515787298,,-0.0,0,
BTC,1h,rsi_mr,"lower=35,upper=70,trend=100",0.0,-23.54965093952208,,-0.0,0,
BTC,1h,rsi_mr,"lower=35,upper=75,trend=20",0.0,-19.933744042775775,,-0.0,0,
BTC,1h,rsi_mr,"lower=35,upper=75,trend=50",0.0,-20.941843515787298,,-0.0,0,
BTC,1h,rsi_mr,"lower=35,upper=75,trend=100",0.0,-23.54965093952208,,-0.0,0,
SOL,15m,sma,"fast=8,slow=40",-17.008042875920005,-33.26906429527032,-29.017360909289234,-24.56369133083143,36,25.0
SOL,15m,sma,"fast=8,slow=50",-6.819379682240006,-33.300558483442146,-3.2341762988357905,-14.934496955249477,27,29.629629629629626
SOL,15m,sma,"fast=8,slow=80",-9.10774757656002,-33.45236226652017,-5.768430239435294,-16.505144170842932,17,23.52941176470588
SOL,15m,sma,"fast=8,slow=120",-2.523031694559986,-33.0689083589865,-1.1395978071427937,-11.826855108205947,13,38.46153846153847
SOL,15m,sma,"fast=8,slow=200",-7.86825083335999,-30.598297593714197,-8.361482299504779,-15.660985549708073,11,18.181818181818183
SOL,15m,sma,"fast=12,slow=40",-7.333060208799981,-33.26906429527032,-3.4925739747313367,-16.399778847713463,26,34.61538461538461
SOL,15m,sma,"fast=12,slow=50",-1.8844554190399705,-33.300558483442146,-0.49398946201402,-14.1371173582707,22,31.818181818181817
SOL,15m,sma,"fast=12,slow=80",-6.565078872239997,-33.45236226652017,-3.2155095401816562,-14.644403450321363,16,18.75
SOL,15m,sma,"fast=12,slow=120",2.1661245511199816,-33.0689083589865,0.8152615269263628,-8.945048267151634,9,44.44444444444444
SOL,15m,sma,"fast=12,slow=200",-6.126975732000009,-30.598297593714197,-5.23207001547286,-13.77667225641187,9,33.33333333333333
SOL,15m,sma,"fast=20,slow=40",-6.20243506064004,-33.26906429527032,-2.767664345510237,-15.17438070333399,27,33.33333333333333
SOL,15m,sma,"fast=20,slow=50",2.1437535481599856,-33.300558483442146,0.5017266123611166,-10.82437496167904,17,35.294117647058826
SOL,15m,sma,"fast=20,slow=80",-1.9091002030399977,-33.45236226652017,-0.5231634374110798,-11.991711213019885,13,38.46153846153847
SOL,15m,sma,"fast=20,slow=120",-1.0323420033599948,-33.0689083589865,-0.4809510086760371,-9.394135162243389,8,25.0
SOL,15m,sma,"fast=20,slow=200",-4.179580217359971,-30.598297593714197,-2.933256882539655,-12.220648933091793,7,42.857142857142854
SOL,15m,sma,"fast=30,slow=40",2.7651732252799093,-33.26906429527032,0.571805147615503,-12.849743654361333,37,27.027027027027028
SOL,15m,sma,"fast=30,slow=50",7.133356476560049,-33.300558483442146,1.081512849931579,-12.414365500495183,14,35.714285714285715
SOL,15m,sma,"fast=30,slow=80",-4.824102428240015,-33.45236226652017,-2.160183098814459,-15.548225380158854,12,41.66666666666667
SOL,15m,sma,"fast=30,slow=120",-7.164633211920014,-33.0689083589865,-6.053478114850893,-13.392599953112994,9,22.22222222222222
SOL,15m,sma,"fast=30,slow=200",-1.81038857632,-30.598297593714197,-1.059722791712539,-10.783007634795993,7,28.57142857142857
SOL,15m,rsi_mr,"lower=20,upper=60,trend=20",0.0,-33.50976240884498,,-0.0,0,
SOL,15m,rsi_mr,"lower=20,upper=60,trend=50",0.0,-33.300558483442146,,-0.0,0,
SOL,15m,rsi_mr,"lower=20,upper=60,trend=100",0.0,-33.17966903073286,,-0.0,0,
SOL,15m,rsi_mr,"lower=20,upper=65,trend=20",0.0,-33.50976240884498,,-0.0,0,
SOL,15m,rsi_mr,"lower=20,upper=65,trend=50",0.0,-33.300558483442146,,-0.0,0,
SOL,15m,rsi_mr,"lower=20,upper=65,trend=100",0.0,-33.17966903073286,,-0.0,0,
SOL,15m,rsi_mr,"lower=20,upper=70,trend=20",0.0,-33.50976240884498,,-0.0,0,
SOL,15m,rsi_mr,"lower=20,upper=70,trend=50",0.0,-33.300558483442146,,-0.0,0,
SOL,15m,rsi_mr,"lower=20,upper=70,trend=100",0.0,-33.17966903073286,,-0.0,0,
SOL,15m,rsi_mr,"lower=20,upper=75,trend=20",0.0,-33.50976240884498,,-0.0,0,
SOL,15m,rsi_mr,"lower=20,upper=75,trend=50",0.0,-33.300558483442146,,-0.0,0,
SOL,15m,rsi_mr,"lower=20,upper=75,trend=100",0.0,-33.17966903073286,,-0.0,0,
SOL,15m,rsi_mr,"lower=25,upper=60,trend=20",0.0,-33.50976240884498,,-0.0,0,
SOL,15m,rsi_mr,"lower=25,upper=60,trend=50",0.0,-33.300558483442146,,-0.0,0,
SOL,15m,rsi_mr,"lower=25,upper=60,trend=100",0.0,-33.17966903073286,,-0.0,0,
SOL,15m,rsi_mr,"lower=25,upper=65,trend=20",0.0,-33.50976240884498,,-0.0,0,
SOL,15m,rsi_mr,"lower=25,upper=65,trend=50",0.0,-33.300558483442146,,-0.0,0,
SOL,15m,rsi_mr,"lower=25,upper=65,trend=100",0.0,-33.17966903073286,,-0.0,0,
SOL,15m,rsi_mr,"lower=25,upper=70,trend=20",0.0,-33.50976240884498,,-0.0,0,
SOL,15m,rsi_mr,"lower=25,upper=70,trend=50",0.0,-33.300558483442146,,-0.0,0,
SOL,15m,rsi_mr,"lower=25,upper=70,trend=100",0.0,-33.17966903073286,,-0.0,0,
SOL,15m,rsi_mr,"lower=25,upper=75,trend=20",0.0,-33.50976240884498,,-0.0,0,
SOL,15m,rsi_mr,"lower=25,upper=75,trend=50",0.0,-33.300558483442146,,-0.0,0,
SOL,15m,rsi_mr,"lower=25,upper=75,trend=100",0.0,-33.17966903073286,,-0.0,0,
SOL,15m,rsi_mr,"lower=30,upper=60,trend=20",0.0,-33.50976240884498,,-0.0,0,
SOL,15m,rsi_mr,"lower=30,upper=60,trend=50",0.0,-33.300558483442146,,-0.0,0,
SOL,15m,rsi_mr,"lower=30,upper=60,trend=100",0.0,-33.17966903073286,,-0.0,0,
SOL,15m,rsi_mr,"lower=30,upper=65,trend=20",0.0,-33.50976240884498,,-0.0,0,
SOL,15m,rsi_mr,"lower=30,upper=65,trend=50",0.0,-33.300558483442146,,-0.0,0,
SOL,15m,rsi_mr,"lower=30,upper=65,trend=100",0.0,-33.17966903073286,,-0.0,0,
SOL,15m,rsi_mr,"lower=30,upper=70,trend=20",0.0,-33.50976240884498,,-0.0,0,
SOL,15m,rsi_mr,"lower=30,upper=70,trend=50",0.0,-33.300558483442146,,-0.0,0,
SOL,15m,rsi_mr,"lower=30,upper=70,trend=100",0.0,-33.17966903073286,,-0.0,0,
SOL,15m,rsi_mr,"lower=30,upper=75,trend=20",0.0,-33.50976240884498,,-0.0,0,
SOL,15m,rsi_mr,"lower=30,upper=75,trend=50",0.0,-33.300558483442146,,-0.0,0,
SOL,15m,rsi_mr,"lower=30,upper=75,trend=100",0.0,-33.17966903073286,,-0.0,0,
SOL,15m,rsi_mr,"lower=35,upper=60,trend=20",0.0,-33.50976240884498,,-0.0,0,
SOL,15m,rsi_mr,"lower=35,upper=60,trend=50",0.0,-33.300558483442146,,-0.0,0,
SOL,15m,rsi_mr,"lower=35,upper=60,trend=100",2.0282346814399936,-33.17966903073286,3.3970012058192753,-1.4877728367750365,1,100.0
SOL,15m,rsi_mr,"lower=35,upper=65,trend=20",0.0,-33.50976240884498,,-0.0,0,
SOL,15m,rsi_mr,"lower=35,upper=65,trend=50",0.0,-33.300558483442146,,-0.0,0,
SOL,15m,rsi_mr,"lower=35,upper=65,trend=100",3.364758905999991,-33.17966903073286,3.032168850572032,-1.4877728367750365,1,100.0
SOL,15m,rsi_mr,"lower=35,upper=70,trend=20",0.0,-33.50976240884498,,-0.0,0,
SOL,15m,rsi_mr,"lower=35,upper=70,trend=50",0.0,-33.300558483442146,,-0.0,0,
SOL,15m,rsi_mr,"lower=35,upper=70,trend=100",3.980895402159996,-33.17966903073286,2.88125804800583,-1.4877728367750365,1,100.0
SOL,15m,rsi_mr,"lower=35,upper=75,trend=20",0.0,-33.50976240884498,,-0.0,0,
SOL,15m,rsi_mr,"lower=35,upper=75,trend=50",0.0,-33.300558483442146,,-0.0,0,
SOL,15m,rsi_mr,"lower=35,upper=75,trend=100",-3.6692708648000143,-33.17966903073286,-2.402418874155029,-13.480685753880417,1,0.0
SOL,1h,sma,"fast=8,slow=40",-30.598462447200014,-35.32529936694379,-8.485863590905824,-35.62339420541218,33,24.242424242424242
SOL,1h,sma,"fast=8,slow=50",-34.515866631599955,-36.54968572283747,-13.469570345917306,-37.97804799519996,32,28.125
SOL,1h,sma,"fast=8,slow=80",-20.07694338792,-38.961272674920814,-5.238616159526315,-24.38097934670257,18,27.77777777777778
SOL,1h,sma,"fast=8,slow=120",-23.336193713200046,-39.951136605056305,-6.675293981044745,-26.335116578169337,17,17.647058823529413
SOL,1h,sma,"fast=8,slow=200",-13.032017407199985,-38.416006972183894,-2.6699250670897783,-24.235784872238497,11,18.181818181818183
SOL,1h,sma,"fast=12,slow=40",-30.575471406239956,-35.32529936694379,-9.229510482983436,-35.17219907965002,29,27.586206896551722
SOL,1h,sma,"fast=12,slow=50",-37.21157599008001,-36.54968572283747,-17.54042529559634,-38.33021567328,27,14.814814814814813
SOL,1h,sma,"fast=12,slow=80",-23.126990941200056,-38.961272674920814,-6.474616654328463,-26.42121397801026,18,27.77777777777778
SOL,1h,sma,"fast=12,slow=120",-21.194278744160012,-39.951136605056305,-5.695348687833566,-24.642598803712033,13,23.076923076923077
SOL,1h,sma,"fast=12,slow=200",-13.991832218400042,-38.416006972183894,-2.859732606672132,-24.679188673942342,9,22.22222222222222
SOL,1h,sma,"fast=20,slow=40",-37.07125900120006,-35.32529936694379,-14.512292026915942,-37.93529644171101,27,29.629629629629626
SOL,1h,sma,"fast=20,slow=50",-40.34477001168003,-36.54968572283747,-21.63970419588858,-40.59589638608002,25,24.0
SOL,1h,sma,"fast=20,slow=80",-23.203491217520043,-38.961272674920814,-6.610199154057953,-26.480674006376837,16,25.0
SOL,1h,sma,"fast=20,slow=120",-21.02845073392,-39.951136605056305,-5.7654521915745764,-24.98764137425985,12,16.666666666666664
SOL,1h,sma,"fast=20,slow=200",-19.390045888000003,-38.416006972183894,-4.96501110866478,-24.514394862488032,9,11.11111111111111
SOL,1h,sma,"fast=30,slow=40",-32.83006407120006,-35.32529936694379,-10.811645955653278,-37.16853615568346,28,25.0
SOL,1h,sma,"fast=30,slow=50",-25.333927572000036,-36.54968572283747,-6.240554166770783,-29.10136039071618,20,20.0
SOL,1h,sma,"fast=30,slow=80",-17.70718208576003,-38.961272674920814,-4.189707824360113,-23.195022991177293,15,26.666666666666668
SOL,1h,sma,"fast=30,slow=120",-26.32842584848,-39.951136605056305,-8.073610539384912,-28.164289767520057,10,20.0
SOL,1h,sma,"fast=30,slow=200",-14.687439772000035,-38.416006972183894,-3.243332493335673,-19.662233427406573,9,22.22222222222222
SOL,1h,rsi_mr,"lower=20,upper=60,trend=20",0.0,-34.71783817075987,,-0.0,0,
SOL,1h,rsi_mr,"lower=20,upper=60,trend=50",0.0,-36.54968572283747,,-0.0,0,
SOL,1h,rsi_mr,"lower=20,upper=60,trend=100",0.0,-41.318339100346016,,-0.0,0,
SOL,1h,rsi_mr,"lower=20,upper=65,trend=20",0.0,-34.71783817075987,,-0.0,0,
SOL,1h,rsi_mr,"lower=20,upper=65,trend=50",0.0,-36.54968572283747,,-0.0,0,
SOL,1h,rsi_mr,"lower=20,upper=65,trend=100",0.0,-41.318339100346016,,-0.0,0,
SOL,1h,rsi_mr,"lower=20,upper=70,trend=20",0.0,-34.71783817075987,,-0.0,0,
SOL,1h,rsi_mr,"lower=20,upper=70,trend=50",0.0,-36.54968572283747,,-0.0,0,
SOL,1h,rsi_mr,"lower=20,upper=70,trend=100",0.0,-41.318339100346016,,-0.0,0,
SOL,1h,rsi_mr,"lower=20,upper=75,trend=20",0.0,-34.71783817075987,,-0.0,0,
SOL,1h,rsi_mr,"lower=20,upper=75,trend=50",0.0,-36.54968572283747,,-0.0,0,
SOL,1h,rsi_mr,"lower=20,upper=75,trend=100",0.0,-41.318339100346016,,-0.0,0,
SOL,1h,rsi_mr,"lower=25,upper=60,trend=20",0.0,-34.71783817075987,,-0.0,0,
SOL,1h,rsi_mr,"lower=25,upper=60,trend=50",0.0,-36.54968572283747,,-0.0,0,
SOL,1h,rsi_mr,"lower=25,upper=60,trend=100",0.0,-41.318339100346016,,-0.0,0,
SOL,1h,rsi_mr,"lower=25,upper=65,trend=20",0.0,-34.71783817075987,,-0.0,0,
SOL,1h,rsi_mr,"lower=25,upper=65,trend=50",0.0,-36.54968572283747,,-0.0,0,
SOL,1h,rsi_mr,"lower=25,upper=65,trend=100",0.0,-41.318339100346016,,-0.0,0,
SOL,1h,rsi_mr,"lower=25,upper=70,trend=20",0.0,-34.71783817075987,,-0.0,0,
SOL,1h,rsi_mr,"lower=25,upper=70,trend=50",0.0,-36.54968572283747,,-0.0,0,
SOL,1h,rsi_mr,"lower=25,upper=70,trend=100",0.0,-41.318339100346016,,-0.0,0,
SOL,1h,rsi_mr,"lower=25,upper=75,trend=20",0.0,-34.71783817075987,,-0.0,0,
SOL,1h,rsi_mr,"lower=25,upper=75,trend=50",0.0,-36.54968572283747,,-0.0,0,
SOL,1h,rsi_mr,"lower=25,upper=75,trend=100",0.0,-41.318339100346016,,-0.0,0,
SOL,1h,rsi_mr,"lower=30,upper=60,trend=20",0.0,-34.71783817075987,,-0.0,0,
SOL,1h,rsi_mr,"lower=30,upper=60,trend=50",0.0,-36.54968572283747,,-0.0,0,
SOL,1h,rsi_mr,"lower=30,upper=60,trend=100",0.0,-41.318339100346016,,-0.0,0,
SOL,1h,rsi_mr,"lower=30,upper=65,trend=20",0.0,-34.71783817075987,,-0.0,0,
SOL,1h,rsi_mr,"lower=30,upper=65,trend=50",0.0,-36.54968572283747,,-0.0,0,
SOL,1h,rsi_mr,"lower=30,upper=65,trend=100",0.0,-41.318339100346016,,-0.0,0,
SOL,1h,rsi_mr,"lower=30,upper=70,trend=20",0.0,-34.71783817075987,,-0.0,0,
SOL,1h,rsi_mr,"lower=30,upper=70,trend=50",0.0,-36.54968572283747,,-0.0,0,
SOL,1h,rsi_mr,"lower=30,upper=70,trend=100",0.0,-41.318339100346016,,-0.0,0,
SOL,1h,rsi_mr,"lower=30,upper=75,trend=20",0.0,-34.71783817075987,,-0.0,0,
SOL,1h,rsi_mr,"lower=30,upper=75,trend=50",0.0,-36.54968572283747,,-0.0,0,
SOL,1h,rsi_mr,"lower=30,upper=75,trend=100",0.0,-41.318339100346016,,-0.0,0,
SOL,1h,rsi_mr,"lower=35,upper=60,trend=20",-3.0156773327999984,-34.71783817075987,-0.992394496035579,-6.600486433893815,1,0.0
SOL,1h,rsi_mr,"lower=35,upper=60,trend=50",0.0,-36.54968572283747,,-0.0,0,
SOL,1h,rsi_mr,"lower=35,upper=60,trend=100",0.0,-41.318339100346016,,-0.0,0,
SOL,1h,rsi_mr,"lower=35,upper=65,trend=20",-6.094614211199991,-34.71783817075987,-1.4063973724173473,-12.51048328583927,1,0.0
SOL,1h,rsi_mr,"lower=35,upper=65,trend=50",0.0,-36.54968572283747,,-0.0,0,
SOL,1h,rsi_mr,"lower=35,upper=65,trend=100",0.0,-41.318339100346016,,-0.0,0,
SOL,1h,rsi_mr,"lower=35,upper=70,trend=20",-38.143818519839996,-34.71783817075987,-10.88769623482794,-43.987156217777304,1,0.0
SOL,1h,rsi_mr,"lower=35,upper=70,trend=50",0.0,-36.54968572283747,,-0.0,0,
SOL,1h,rsi_mr,"lower=35,upper=70,trend=100",0.0,-41.318339100346016,,-0.0,0,
SOL,1h,rsi_mr,"lower=35,upper=75,trend=20",-37.38375245952,-34.71783817075987,-10.103336337835497,-43.987156217777304,1,0.0
SOL,1h,rsi_mr,"lower=35,upper=75,trend=50",0.0,-36.54968572283747,,-0.0,0,
SOL,1h,rsi_mr,"lower=35,upper=75,trend=100",0.0,-41.318339100346016,,-0.0,0,
